username,password,email,first_name,last_name
JohnDoe,1Dm-wljW,email1@example.com,John,Doe
JaneSmith,1Dm-wljW,email2@example.com,Jane,Smith
DavidJohnson,1Dm-wljW,email3@example.com,David,Johnson
SarahWilliams,pass4,email4@example.com,Sarah,Williams
MichaelBrown,1Dm-wljW,email5@example.com,Michael,Brown
EmilyMiller,1Dm-wljW,email6@example.com,Emily,Miller
JamesTaylor,1Dm-wljW,email7@example.com,James,Taylor
OliviaWilson,1Dm-wljW,email8@example.com,Olivia,Wilson
EthanAnderson,1Dm-wljW,email9@example.com,Ethan,Anderson
AvaBaker,1Dm-wljW,email10@example.com,Ava,Baker
